{"cameraMode":{"drawMode":0,"name":"Shaded","section":"Shading Mode"},"sceneLighting":true,"audioPlay":false,"sceneViewState":{"m_AlwaysRefresh":false,"showFog":true,"showSkybox":true,"showFlares":true,"showImageEffects":true,"showParticleSystems":true,"showVisualEffectGraphs":true,"m_FxEnabled":true},"in2DMode":false,"pivot":{"x":15.320951461791993,"y":-1.7885584831237794,"z":-3.028106212615967},"rotation":{"x":-0.04127393662929535,"y":0.9579969048500061,"z":-0.18057768046855927,"w":-0.21895889937877656},"size":10.24551773071289,"orthographic":false}