{"cameraMode":{"drawMode":0,"name":"Shaded","section":"Shading Mode"},"sceneLighting":true,"audioPlay":false,"sceneViewState":{"m_AlwaysRefresh":false,"showFog":true,"showSkybox":true,"showFlares":true,"showImageEffects":true,"showParticleSystems":true,"showVisualEffectGraphs":true,"m_FxEnabled":true},"in2DMode":false,"pivot":{"x":-7.660970211029053,"y":-3.546388626098633,"z":-3.136270523071289},"rotation":{"x":0.00033229851396754384,"y":0.9826993942260742,"z":-0.1852341741323471,"w":0.0017694393172860146},"size":22.275922775268556,"orthographic":false}